# FRB/US April 2026 LONGBASE baseline, near-term path in headline units.
# GDP: xgdp year-on-year percent growth. CPI: pcpi year-on-year percent.
# Unemployment: lur level, percent. Extracted 2026-07-29 from
# vendor/data_only_package/LONGBASE.TXT via the integration adapter's own
# loader (policyengine_macro.core._import_frbus / _frbus_paths).
# This is the Federal Reserve staff-style CONDITIONING BASELINE that frb-us
# shock experiments deviate from - it is not a PolicyEngine forecast and
# carries no predictive uncertainty bands.
quarter,gdp_yoy_pct,cpi_yoy_pct,unemployment_pct
2026Q2,2.46,3.25,4.44
2026Q3,1.97,3.23,4.42
2026Q4,2.40,3.24,4.40
2027Q1,2.38,2.97,4.38
2027Q2,2.37,2.84,4.35
