,GDPM_model,CONS_model,HHDI_model,GDPM_efo,CONS_efo,HHDI_efo
2025Q1,694404.6301766383,419074.85513400025,428871.49559585686,703435.0,429345.0,483896.0
2025Q2,694560.3078416907,418780.5781982707,492108.1572970819,704973.0,429692.0,489329.0
2025Q3,688321.4219012228,413137.93735517986,479989.3688195675,705603.0,431309.0,489031.0
2025Q4,685997.3104660409,410080.35925989697,494639.02082776674,706873.0854,431735.996,493761.36
2026Q1,679003.3126198197,401684.3420345042,427579.1526665545,709064.39196474,432363.521,497806.675
2026Q2,681423.4293975751,402764.96030737524,472303.2189173688,711475.2108974202,433402.28,501643.436
2026Q3,680142.5280847802,400176.451720588,472522.3225749773,714178.8166988303,434670.508,504904.318
2026Q4,679285.6793715858,397890.66592544777,474731.4940379845,717142.6587881305,436147.044,508289.706
2027Q1,678789.2848948078,396251.77781582443,477501.60415513127,720047.0865562225,437846.999,511577.507
2027Q2,678474.6006710217,394973.9200494245,479962.4172806869,722869.6711355229,439649.831,514949.525
2027Q3,678689.4619315143,394288.24995341065,478639.0676691132,725688.8628529514,441508.475,518417.48900000006
2027Q4,679043.384866809,393715.2841556932,490058.7475809022,728562.5907498491,443414.728,521864.0829999999
