,GDPM_model,CONS_model,GDPM_efo,CONS_efo
2025Q1,703808.3317003233,429718.33170032327,703435.0,429345.0
2025Q2,704595.0728906575,429314.0728906575,704973.0,429692.0
2025Q3,705281.0565567217,430987.05655672174,705603.0,431309.0
2025Q4,706403.5569033222,431266.467503217,706873.0854,431735.996
2026Q1,708583.0044602008,431882.1334951686,709064.39196474,432363.521
2026Q2,713056.0267465203,434983.0958461146,711475.2108974202,433402.28
2026Q3,716419.0243340913,436910.71563717927,714178.8166988303,434670.508
2026Q4,720012.089186528,439016.4744001092,717142.6587881305,436147.044
2027Q1,723516.6375720833,441316.5500156982,720047.0865562225,437846.999
2027Q2,726910.6013476746,443690.7612113493,722869.6711355229,439649.831
2027Q3,730294.1478366589,446113.75998663483,725688.8628529514,441508.475
2027Q4,733691.4952286218,448543.63247542165,728562.5907498491,443414.728
