# Averages of outside forecasters' central projections, Bank of England Survey
# of External Forecasters, as of 16 April 2026. From 'Other forecasters'
# expectations.xlsx' (Tables 1 and 5), April 2026 MPR charts-slides-and-data.zip,
# bankofengland.co.uk. CPI: twelve-month rate. GDP: four-quarter percentage
# change. Table 5's 2026Q2 GDP is a QUARTERLY change and is deliberately
# omitted here: it is not comparable to the year-on-year paths.
quarter,cpi_yoy_pct,gdp_yoy_pct
2026Q2,2.9,
2027Q2,2.9,1.1
2028Q2,2.1,1.3
2029Q2,2.0,1.4
